<?xml version="1.0" encoding="UTF-8"?>
<project-private xmlns="http://www.netbeans.org/ns/project-private/1">
    <editor-bookmarks xmlns="http://www.netbeans.org/ns/editor-bookmarks/2" lastBookmarkId="0"/>
    <open-files xmlns="http://www.netbeans.org/ns/projectui-open-files/2">
        <group>
            <file>file:/C:/Users/RC_Student_lab/Documents/NetBeansProjects/Tshegofatso_Modibela/src/Assignment_1/Login.java</file>
            <file>file:/C:/Users/RC_Student_lab/Documents/NetBeansProjects/Tshegofatso_Modibela/src/Assignment_1/Main.java</file>
            <file>file:/C:/Users/RC_Student_lab/Documents/NetBeansProjects/Tshegofatso_Modibela/src/Assignment_1/Sony.java</file>
            <file>file:/C:/Users/RC_Student_lab/Documents/NetBeansProjects/Tshegofatso_Modibela/src/RegisterForm.java</file>
        </group>
    </open-files>
</project-private>
